customer_type,customer_type,proportion
Contract,4063,3.948723929480825
Group,473,0.45969638657258927
Transient,77756,75.56903220790328
Transient-Party,20602,20.022547476043307
