deposit_type,deposit_type,proportion
No Deposit,90324,87.78354422998426
Non Refund,12522,12.169805819581317
Refundable,48,0.04664995043442766
