distribution_channel,distribution_channel,proportion
Corporate,1125,1.0933582133068984
Direct,7003,6.806033393589519
GDS,191,0.18562792777032674
TA/TO,94575,91.91498046533326
