hotel,hotel,proportion
City Hotel,71181,69.17896087235408
Resort Hotel,31713,30.82103912764593
