meal,meal,proportion
BB,77638,75.45435107975197
FB,671,0.6521274321146033
HB,13421,13.043520516259452
SC,10334,10.043345578945322
Undefined,830,0.8066553929286451
