reservation_status,reservation_status,proportion
Canceled,39158,38.05664081481913
Check-Out,62733,60.968569595894806
No-Show,1003,0.9747895892860613
